load_step,iter,res_l2,res_rms_unknown
1,1,1.53870611e-02,1.34334870e-04
1,2,2.61936104e-03,2.28680138e-05
1,3,6.59510333e-05,5.75777496e-07
